<?xml version="1.0" encoding="UTF-8" standalone="no"?><Clients><Client><client_id>1447063064436</client_id><name>Алексей</name><address>Самара1</address><phone>11111111</phone></Client><Client><client_id>1448370118572</client_id><name>Колян</name><address>Быдлострит 21</address><phone>9-99-99</phone></Client><Client><client_id>1448357876627</client_id><name>Андрей</name><address>ЖИгулевск</address><phone>22222222</phone></Client><Client><client_id>1445773808738</client_id><name>Иван</name><address>Тольятти ул.Громовой д.35</address><phone>648-684</phone></Client><Client><client_id>1448357872527</client_id><name>АндрейЛашкевич</name><address>samara</address><phone>9171888888</phone></Client></Clients>