<?xml version="1.0" encoding="UTF-8" standalone="no"?><Orders><Order><order_id>1448339601430</order_id><client_id>1447063064436</client_id><order_date>10.10.2010</order_date><order_sum>615516.0</order_sum></Order><Order><order_id>1448455370610</order_id><client_id>1448455321003</client_id><order_date>10.10.2010</order_date><order_sum>10.0</order_sum></Order><Order><order_id>1447060835609</order_id><client_id>1445779398623</client_id><order_date>12.12.2015</order_date><order_sum>15000.0</order_sum></Order><Order><order_id>1448340407224</order_id><client_id>1445773808738</client_id><order_date>15.10.2009</order_date><order_sum>25000.0</order_sum></Order><Order><order_id>1445260835606</order_id><client_id>1445779398623</client_id><order_date>12.01.2015</order_date><order_sum>1000.0</order_sum></Order></Orders>